{"stats":{"minecraft:mined":{"minecraft:sand":1},"minecraft:used":{"minecraft:sand":1},"minecraft:custom":{"minecraft:jump":9,"minecraft:time_since_rest":906,"minecraft:crouch_one_cm":148,"minecraft:leave_game":1,"minecraft:sprint_one_cm":882,"minecraft:play_time":906,"minecraft:time_since_death":906,"minecraft:walk_one_cm":911,"minecraft:sneak_time":20,"minecraft:total_world_time":906,"minecraft:fall_one_cm":418,"minecraft:fly_one_cm":2226},"minecraft:picked_up":{"minecraft:sand":1}},"DataVersion":3953}