{"stats":{"minecraft:picked_up":{"minecraft:dirt":1},"minecraft:used":{"minecraft:dirt":1},"minecraft:mined":{"minecraft:grass_block":1},"minecraft:custom":{"minecraft:jump":31,"minecraft:time_since_rest":1067,"minecraft:crouch_one_cm":140,"minecraft:sprint_one_cm":2856,"minecraft:play_time":1067,"minecraft:damage_taken":40,"minecraft:time_since_death":1067,"minecraft:walk_one_cm":1282,"minecraft:sneak_time":29,"minecraft:total_world_time":1067,"minecraft:fall_one_cm":1550,"minecraft:fly_one_cm":8010}},"DataVersion":3953}